filename,R_mean,G_mean,B_mean,class
resized_IMG_20231203_193156_Burst19_noised_jpg.rf.dcf2c8264c36791b7f3d953cf45b1099.jpg,120.2374341,100.0729785,96.7329834,Daging_Sapi_Tidak_Segar
resized_IMG_20231203_193156_Burst07_rotated_90_jpg.rf.455e72b808207b96c9bd4b8d9dc5ccc3.jpg,120.2363257,99.07501953,96.36780273,Daging_Sapi_Tidak_Segar
resized_IMG_20231203_193156_Burst19_flipped_lr_jpg.rf.344494b8c934143577a31cab5e2c831d.jpg,118.7239404,97.51443848,94.71474854,Daging_Sapi_Tidak_Segar
resized_IMG_20231203_193156_Burst03_blurred_jpg.rf.d13a662a0f6b70a8a77e0c810e567b0f.jpg,113.3133374,90.28335693,87.79108643,Daging_Sapi_Tidak_Segar
resized_IMG_20231203_193156_Burst05_rotated_90_jpg.rf.6a5465bbccb79f23a4bb44461a15c467.jpg,111.4707495,88.55752686,86.8648999,Daging_Sapi_Tidak_Segar
resized_IMG_20230913_071103_rotated_45_jpg.rf.6841a858357691b2c09f98f0ec1c7a24.jpg,130.7075513,120.6405811,119.3830542,Daging_Sapi_Segar
resized_IMG_20230913_071856_flipped_lr_jpg.rf.76a4ef2bf224ac22037a8f12fc073f10.jpg,147.8290991,128.9175757,131.5786157,Daging_Sapi_Segar
resized_IMG_20231203_064725_Burst06_rotated_90_jpg.rf.d6a83ca483d7a52183fb6f233e3d1c54.jpg,186.6528931,151.6925708,140.0821851,Daging_Sapi_Segar
resized_IMG_20231203_064439_Burst13_rotated_30_jpg.rf.ed759be799792484c8d05ccd69af4fb9.jpg,140.3228174,110.3413403,101.7229785,Daging_Sapi_Segar